{
  "employee": [
    {
      "name": "Name",
      "address": "Address",
      "age": 12,
      "department": "HR",
      "salary": 1256,
      "id": 3
    },
    {
      "name": "Name",
      "address": "Addwrete",
      "age": 12,
      "department": "IT",
      "salary": 123455,
      "id": 4
    },
    {
      "name": " Name",
      "address": "qewr3r43",
      "age": 35,
      "department": "IT",
      "salary": 123455,
      "id": 5
    },
    {
      "name": "NameUpdate",
      "address": "address",
      "age": 25,
      "department": "HR",
      "salary": 120000,
      "id": 6
    },
    {
      "name": "test",
      "address": "test address",
      "age": 24,
      "department": "HR",
      "salary": 45678,
      "id": 7
    },
    {
      "name": "bala",
      "address": "Tirunelveli",
      "age": 30,
      "department": "IT",
      "salary": 1000,
      "id": 8
    },
    {
      "name": "test add",
      "address": "Test Address",
      "age": 24,
      "department": "HR",
      "salary": 12345,
      "id": 9
    },
    {
      "name": "abhishek",
      "address": "Noida",
      "age": 25,
      "department": "IT",
      "salary": 13244,
      "id": 10
    }
  ]
}